{"trials": [{"userID": "U000", "sessions": [{"physical": 0, "audio": true, "callWord": 3, "audioTrack": 4, "map": 4}, {"physical": 0, "audio": true, "callWord": 3, "audioTrack": 0, "map": 0}, {"physical": 0, "audio": true, "callWord": 3, "audioTrack": 5, "map": 5}, {"physical": 0, "audio": true, "callWord": 3, "audioTrack": 2, "map": 2}, {"physical": 0, "audio": true, "callWord": 3, "audioTrack": 4, "map": 4}, {"physical": 0, "audio": false, "callWord": "", "audioTrack": "", "map": 7}, {"physical": 0, "audio": false, "callWord": "", "audioTrack": "", "map": 6}, {"physical": 0, "audio": false, "callWord": "", "audioTrack": "", "map": 1}, {"physical": 0, "audio": false, "callWord": "", "audioTrack": "", "map": 3}, {"physical": 0, "audio": false, "callWord": "", "audioTrack": "", "map": 7}]}, {"userID": "U001", "sessions": [{"physical": 0, "audio": false, "callWord": "", "audioTrack": "", "map": 1}, {"physical": 0, "audio": false, "callWord": "", "audioTrack": "", "map": 3}, {"physical": 0, "audio": false, "callWord": "", "audioTrack": "", "map": 7}, {"physical": 0, "audio": false, "callWord": "", "audioTrack": "", "map": 5}, {"physical": 0, "audio": false, "callWord": "", "audioTrack": "", "map": 1}, {"physical": 0, "audio": true, "callWord": 4, "audioTrack": 0, "map": 0}, {"physical": 0, "audio": true, "callWord": 4, "audioTrack": 2, "map": 2}, {"physical": 0, "audio": true, "callWord": 4, "audioTrack": 4, "map": 4}, {"physical": 0, "audio": true, "callWord": 4, "audioTrack": 6, "map": 6}, {"physical": 0, "audio": true, "callWord": 4, "audioTrack": 0, "map": 0}]}, {"userID": "U002", "sessions": [{"physical": 1, "audio": false, "callWord": "", "audioTrack": "", "map": 7}, {"physical": 1, "audio": false, "callWord": "", "audioTrack": "", "map": 6}, {"physical": 1, "audio": false, "callWord": "", "audioTrack": "", "map": 0}, {"physical": 1, "audio": false, "callWord": "", "audioTrack": "", "map": 3}, {"physical": 1, "audio": false, "callWord": "", "audioTrack": "", "map": 7}, {"physical": 1, "audio": true, "callWord": 2, "audioTrack": 1, "map": 1}, {"physical": 1, "audio": true, "callWord": 2, "audioTrack": 5, "map": 5}, {"physical": 1, "audio": true, "callWord": 2, "audioTrack": 4, "map": 4}, {"physical": 1, "audio": true, "callWord": 2, "audioTrack": 2, "map": 2}, {"physical": 1, "audio": true, "callWord": 2, "audioTrack": 1, "map": 1}]}, {"userID": "U003", "sessions": [{"physical": 1, "audio": true, "callWord": 1, "audioTrack": 7, "map": 7}, {"physical": 1, "audio": true, "callWord": 1, "audioTrack": 6, "map": 6}, {"physical": 1, "audio": true, "callWord": 1, "audioTrack": 4, "map": 4}, {"physical": 1, "audio": true, "callWord": 1, "audioTrack": 0, "map": 0}, {"physical": 1, "audio": true, "callWord": 1, "audioTrack": 7, "map": 7}, {"physical": 1, "audio": false, "callWord": "", "audioTrack": "", "map": 2}, {"physical": 1, "audio": false, "callWord": "", "audioTrack": "", "map": 3}, {"physical": 1, "audio": false, "callWord": "", "audioTrack": "", "map": 5}, {"physical": 1, "audio": false, "callWord": "", "audioTrack": "", "map": 1}, {"physical": 1, "audio": false, "callWord": "", "audioTrack": "", "map": 2}]}, {"userID": "U004", "sessions": [{"physical": 0, "audio": false, "callWord": "", "audioTrack": "", "map": 2}, {"physical": 0, "audio": false, "callWord": "", "audioTrack": "", "map": 5}, {"physical": 0, "audio": false, "callWord": "", "audioTrack": "", "map": 7}, {"physical": 0, "audio": false, "callWord": "", "audioTrack": "", "map": 1}, {"physical": 0, "audio": false, "callWord": "", "audioTrack": "", "map": 2}, {"physical": 0, "audio": true, "callWord": 0, "audioTrack": 3, "map": 3}, {"physical": 0, "audio": true, "callWord": 0, "audioTrack": 4, "map": 4}, {"physical": 0, "audio": true, "callWord": 0, "audioTrack": 6, "map": 6}, {"physical": 0, "audio": true, "callWord": 0, "audioTrack": 0, "map": 0}, {"physical": 0, "audio": true, "callWord": 0, "audioTrack": 3, "map": 3}]}, {"userID": "U005", "sessions": [{"physical": 0, "audio": true, "callWord": 0, "audioTrack": 6, "map": 6}, {"physical": 0, "audio": true, "callWord": 0, "audioTrack": 3, "map": 3}, {"physical": 0, "audio": true, "callWord": 0, "audioTrack": 2, "map": 2}, {"physical": 0, "audio": true, "callWord": 0, "audioTrack": 4, "map": 4}, {"physical": 0, "audio": true, "callWord": 0, "audioTrack": 6, "map": 6}, {"physical": 0, "audio": false, "callWord": "", "audioTrack": "", "map": 1}, {"physical": 0, "audio": false, "callWord": "", "audioTrack": "", "map": 0}, {"physical": 0, "audio": false, "callWord": "", "audioTrack": "", "map": 5}, {"physical": 0, "audio": false, "callWord": "", "audioTrack": "", "map": 7}, {"physical": 0, "audio": false, "callWord": "", "audioTrack": "", "map": 1}]}, {"userID": "U006", "sessions": [{"physical": 1, "audio": true, "callWord": 1, "audioTrack": 6, "map": 6}, {"physical": 1, "audio": true, "callWord": 1, "audioTrack": 3, "map": 3}, {"physical": 1, "audio": true, "callWord": 1, "audioTrack": 0, "map": 0}, {"physical": 1, "audio": true, "callWord": 1, "audioTrack": 1, "map": 1}, {"physical": 1, "audio": true, "callWord": 1, "audioTrack": 6, "map": 6}, {"physical": 1, "audio": false, "callWord": "", "audioTrack": "", "map": 4}, {"physical": 1, "audio": false, "callWord": "", "audioTrack": "", "map": 5}, {"physical": 1, "audio": false, "callWord": "", "audioTrack": "", "map": 2}, {"physical": 1, "audio": false, "callWord": "", "audioTrack": "", "map": 7}, {"physical": 1, "audio": false, "callWord": "", "audioTrack": "", "map": 4}]}, {"userID": "U007", "sessions": [{"physical": 1, "audio": false, "callWord": "", "audioTrack": "", "map": 4}, {"physical": 1, "audio": false, "callWord": "", "audioTrack": "", "map": 7}, {"physical": 1, "audio": false, "callWord": "", "audioTrack": "", "map": 6}, {"physical": 1, "audio": false, "callWord": "", "audioTrack": "", "map": 0}, {"physical": 1, "audio": false, "callWord": "", "audioTrack": "", "map": 4}, {"physical": 1, "audio": true, "callWord": 4, "audioTrack": 5, "map": 5}, {"physical": 1, "audio": true, "callWord": 4, "audioTrack": 2, "map": 2}, {"physical": 1, "audio": true, "callWord": 4, "audioTrack": 1, "map": 1}, {"physical": 1, "audio": true, "callWord": 4, "audioTrack": 3, "map": 3}, {"physical": 1, "audio": true, "callWord": 4, "audioTrack": 5, "map": 5}]}, {"userID": "U008", "sessions": [{"physical": 0, "audio": true, "callWord": 3, "audioTrack": 5, "map": 5}, {"physical": 0, "audio": true, "callWord": 3, "audioTrack": 0, "map": 0}, {"physical": 0, "audio": true, "callWord": 3, "audioTrack": 1, "map": 1}, {"physical": 0, "audio": true, "callWord": 3, "audioTrack": 2, "map": 2}, {"physical": 0, "audio": true, "callWord": 3, "audioTrack": 5, "map": 5}, {"physical": 0, "audio": false, "callWord": "", "audioTrack": "", "map": 6}, {"physical": 0, "audio": false, "callWord": "", "audioTrack": "", "map": 7}, {"physical": 0, "audio": false, "callWord": "", "audioTrack": "", "map": 4}, {"physical": 0, "audio": false, "callWord": "", "audioTrack": "", "map": 3}, {"physical": 0, "audio": false, "callWord": "", "audioTrack": "", "map": 6}]}, {"userID": "U009", "sessions": [{"physical": 0, "audio": false, "callWord": "", "audioTrack": "", "map": 7}, {"physical": 0, "audio": false, "callWord": "", "audioTrack": "", "map": 2}, {"physical": 0, "audio": false, "callWord": "", "audioTrack": "", "map": 0}, {"physical": 0, "audio": false, "callWord": "", "audioTrack": "", "map": 6}, {"physical": 0, "audio": false, "callWord": "", "audioTrack": "", "map": 7}, {"physical": 0, "audio": true, "callWord": 2, "audioTrack": 4, "map": 4}, {"physical": 0, "audio": true, "callWord": 2, "audioTrack": 1, "map": 1}, {"physical": 0, "audio": true, "callWord": 2, "audioTrack": 3, "map": 3}, {"physical": 0, "audio": true, "callWord": 2, "audioTrack": 5, "map": 5}, {"physical": 0, "audio": true, "callWord": 2, "audioTrack": 4, "map": 4}]}, {"userID": "U010", "sessions": [{"physical": 1, "audio": false, "callWord": "", "audioTrack": "", "map": 4}, {"physical": 1, "audio": false, "callWord": "", "audioTrack": "", "map": 1}, {"physical": 1, "audio": false, "callWord": "", "audioTrack": "", "map": 3}, {"physical": 1, "audio": false, "callWord": "", "audioTrack": "", "map": 0}, {"physical": 1, "audio": false, "callWord": "", "audioTrack": "", "map": 4}, {"physical": 1, "audio": true, "callWord": 3, "audioTrack": 2, "map": 2}, {"physical": 1, "audio": true, "callWord": 3, "audioTrack": 7, "map": 7}, {"physical": 1, "audio": true, "callWord": 3, "audioTrack": 5, "map": 5}, {"physical": 1, "audio": true, "callWord": 3, "audioTrack": 6, "map": 6}, {"physical": 1, "audio": true, "callWord": 3, "audioTrack": 2, "map": 2}]}, {"userID": "U011", "sessions": [{"physical": 1, "audio": true, "callWord": 4, "audioTrack": 1, "map": 1}, {"physical": 1, "audio": true, "callWord": 4, "audioTrack": 6, "map": 6}, {"physical": 1, "audio": true, "callWord": 4, "audioTrack": 5, "map": 5}, {"physical": 1, "audio": true, "callWord": 4, "audioTrack": 7, "map": 7}, {"physical": 1, "audio": true, "callWord": 4, "audioTrack": 1, "map": 1}, {"physical": 1, "audio": false, "callWord": "", "audioTrack": "", "map": 4}, {"physical": 1, "audio": false, "callWord": "", "audioTrack": "", "map": 3}, {"physical": 1, "audio": false, "callWord": "", "audioTrack": "", "map": 0}, {"physical": 1, "audio": false, "callWord": "", "audioTrack": "", "map": 2}, {"physical": 1, "audio": false, "callWord": "", "audioTrack": "", "map": 4}]}, {"userID": "U012", "sessions": [{"physical": 0, "audio": false, "callWord": "", "audioTrack": "", "map": 2}, {"physical": 0, "audio": false, "callWord": "", "audioTrack": "", "map": 1}, {"physical": 0, "audio": false, "callWord": "", "audioTrack": "", "map": 7}, {"physical": 0, "audio": false, "callWord": "", "audioTrack": "", "map": 3}, {"physical": 0, "audio": false, "callWord": "", "audioTrack": "", "map": 2}, {"physical": 0, "audio": true, "callWord": 2, "audioTrack": 5, "map": 5}, {"physical": 0, "audio": true, "callWord": 2, "audioTrack": 6, "map": 6}, {"physical": 0, "audio": true, "callWord": 2, "audioTrack": 4, "map": 4}, {"physical": 0, "audio": true, "callWord": 2, "audioTrack": 0, "map": 0}, {"physical": 0, "audio": true, "callWord": 2, "audioTrack": 5, "map": 5}]}, {"userID": "U013", "sessions": [{"physical": 0, "audio": true, "callWord": 1, "audioTrack": 5, "map": 5}, {"physical": 0, "audio": true, "callWord": 1, "audioTrack": 7, "map": 7}, {"physical": 0, "audio": true, "callWord": 1, "audioTrack": 3, "map": 3}, {"physical": 0, "audio": true, "callWord": 1, "audioTrack": 1, "map": 1}, {"physical": 0, "audio": true, "callWord": 1, "audioTrack": 5, "map": 5}, {"physical": 0, "audio": false, "callWord": "", "audioTrack": "", "map": 2}, {"physical": 0, "audio": false, "callWord": "", "audioTrack": "", "map": 6}, {"physical": 0, "audio": false, "callWord": "", "audioTrack": "", "map": 0}, {"physical": 0, "audio": false, "callWord": "", "audioTrack": "", "map": 4}, {"physical": 0, "audio": false, "callWord": "", "audioTrack": "", "map": 2}]}, {"userID": "U014", "sessions": [{"physical": 1, "audio": true, "callWord": 0, "audioTrack": 0, "map": 0}, {"physical": 1, "audio": true, "callWord": 0, "audioTrack": 1, "map": 1}, {"physical": 1, "audio": true, "callWord": 0, "audioTrack": 4, "map": 4}, {"physical": 1, "audio": true, "callWord": 0, "audioTrack": 6, "map": 6}, {"physical": 1, "audio": true, "callWord": 0, "audioTrack": 0, "map": 0}, {"physical": 1, "audio": false, "callWord": "", "audioTrack": "", "map": 2}, {"physical": 1, "audio": false, "callWord": "", "audioTrack": "", "map": 7}, {"physical": 1, "audio": false, "callWord": "", "audioTrack": "", "map": 3}, {"physical": 1, "audio": false, "callWord": "", "audioTrack": "", "map": 5}, {"physical": 1, "audio": false, "callWord": "", "audioTrack": "", "map": 2}]}, {"userID": "U015", "sessions": [{"physical": 1, "audio": false, "callWord": "", "audioTrack": "", "map": 4}, {"physical": 1, "audio": false, "callWord": "", "audioTrack": "", "map": 5}, {"physical": 1, "audio": false, "callWord": "", "audioTrack": "", "map": 6}, {"physical": 1, "audio": false, "callWord": "", "audioTrack": "", "map": 3}, {"physical": 1, "audio": false, "callWord": "", "audioTrack": "", "map": 4}, {"physical": 1, "audio": true, "callWord": 1, "audioTrack": 1, "map": 1}, {"physical": 1, "audio": true, "callWord": 1, "audioTrack": 0, "map": 0}, {"physical": 1, "audio": true, "callWord": 1, "audioTrack": 2, "map": 2}, {"physical": 1, "audio": true, "callWord": 1, "audioTrack": 7, "map": 7}, {"physical": 1, "audio": true, "callWord": 1, "audioTrack": 1, "map": 1}]}, {"userID": "U016", "sessions": [{"physical": 0, "audio": true, "callWord": 3, "audioTrack": 6, "map": 6}, {"physical": 0, "audio": true, "callWord": 3, "audioTrack": 2, "map": 2}, {"physical": 0, "audio": true, "callWord": 3, "audioTrack": 7, "map": 7}, {"physical": 0, "audio": true, "callWord": 3, "audioTrack": 1, "map": 1}, {"physical": 0, "audio": true, "callWord": 3, "audioTrack": 6, "map": 6}, {"physical": 0, "audio": false, "callWord": "", "audioTrack": "", "map": 0}, {"physical": 0, "audio": false, "callWord": "", "audioTrack": "", "map": 3}, {"physical": 0, "audio": false, "callWord": "", "audioTrack": "", "map": 5}, {"physical": 0, "audio": false, "callWord": "", "audioTrack": "", "map": 4}, {"physical": 0, "audio": false, "callWord": "", "audioTrack": "", "map": 0}]}, {"userID": "U017", "sessions": [{"physical": 0, "audio": false, "callWord": "", "audioTrack": "", "map": 5}, {"physical": 0, "audio": false, "callWord": "", "audioTrack": "", "map": 6}, {"physical": 0, "audio": false, "callWord": "", "audioTrack": "", "map": 1}, {"physical": 0, "audio": false, "callWord": "", "audioTrack": "", "map": 7}, {"physical": 0, "audio": false, "callWord": "", "audioTrack": "", "map": 5}, {"physical": 0, "audio": true, "callWord": 2, "audioTrack": 0, "map": 0}, {"physical": 0, "audio": true, "callWord": 2, "audioTrack": 3, "map": 3}, {"physical": 0, "audio": true, "callWord": 2, "audioTrack": 2, "map": 2}, {"physical": 0, "audio": true, "callWord": 2, "audioTrack": 4, "map": 4}, {"physical": 0, "audio": true, "callWord": 2, "audioTrack": 0, "map": 0}]}, {"userID": "U018", "sessions": [{"physical": 1, "audio": false, "callWord": "", "audioTrack": "", "map": 1}, {"physical": 1, "audio": false, "callWord": "", "audioTrack": "", "map": 4}, {"physical": 1, "audio": false, "callWord": "", "audioTrack": "", "map": 0}, {"physical": 1, "audio": false, "callWord": "", "audioTrack": "", "map": 7}, {"physical": 1, "audio": false, "callWord": "", "audioTrack": "", "map": 1}, {"physical": 1, "audio": true, "callWord": 4, "audioTrack": 2, "map": 2}, {"physical": 1, "audio": true, "callWord": 4, "audioTrack": 5, "map": 5}, {"physical": 1, "audio": true, "callWord": 4, "audioTrack": 6, "map": 6}, {"physical": 1, "audio": true, "callWord": 4, "audioTrack": 3, "map": 3}, {"physical": 1, "audio": true, "callWord": 4, "audioTrack": 2, "map": 2}]}, {"userID": "U019", "sessions": [{"physical": 1, "audio": true, "callWord": 0, "audioTrack": 7, "map": 7}, {"physical": 1, "audio": true, "callWord": 0, "audioTrack": 2, "map": 2}, {"physical": 1, "audio": true, "callWord": 0, "audioTrack": 0, "map": 0}, {"physical": 1, "audio": true, "callWord": 0, "audioTrack": 5, "map": 5}, {"physical": 1, "audio": true, "callWord": 0, "audioTrack": 7, "map": 7}, {"physical": 1, "audio": false, "callWord": "", "audioTrack": "", "map": 4}, {"physical": 1, "audio": false, "callWord": "", "audioTrack": "", "map": 6}, {"physical": 1, "audio": false, "callWord": "", "audioTrack": "", "map": 3}, {"physical": 1, "audio": false, "callWord": "", "audioTrack": "", "map": 1}, {"physical": 1, "audio": false, "callWord": "", "audioTrack": "", "map": 4}]}, {"userID": "U020", "sessions": [{"physical": 0, "audio": false, "callWord": "", "audioTrack": "", "map": 0}, {"physical": 0, "audio": false, "callWord": "", "audioTrack": "", "map": 1}, {"physical": 0, "audio": false, "callWord": "", "audioTrack": "", "map": 3}, {"physical": 0, "audio": false, "callWord": "", "audioTrack": "", "map": 4}, {"physical": 0, "audio": false, "callWord": "", "audioTrack": "", "map": 0}, {"physical": 0, "audio": true, "callWord": 4, "audioTrack": 7, "map": 7}, {"physical": 0, "audio": true, "callWord": 4, "audioTrack": 6, "map": 6}, {"physical": 0, "audio": true, "callWord": 4, "audioTrack": 2, "map": 2}, {"physical": 0, "audio": true, "callWord": 4, "audioTrack": 5, "map": 5}, {"physical": 0, "audio": true, "callWord": 4, "audioTrack": 7, "map": 7}]}, {"userID": "U021", "sessions": [{"physical": 0, "audio": true, "callWord": 2, "audioTrack": 5, "map": 5}, {"physical": 0, "audio": true, "callWord": 2, "audioTrack": 6, "map": 6}, {"physical": 0, "audio": true, "callWord": 2, "audioTrack": 3, "map": 3}, {"physical": 0, "audio": true, "callWord": 2, "audioTrack": 1, "map": 1}, {"physical": 0, "audio": true, "callWord": 2, "audioTrack": 5, "map": 5}, {"physical": 0, "audio": false, "callWord": "", "audioTrack": "", "map": 2}, {"physical": 0, "audio": false, "callWord": "", "audioTrack": "", "map": 7}, {"physical": 0, "audio": false, "callWord": "", "audioTrack": "", "map": 0}, {"physical": 0, "audio": false, "callWord": "", "audioTrack": "", "map": 4}, {"physical": 0, "audio": false, "callWord": "", "audioTrack": "", "map": 2}]}, {"userID": "U022", "sessions": [{"physical": 1, "audio": true, "callWord": 3, "audioTrack": 2, "map": 2}, {"physical": 1, "audio": true, "callWord": 3, "audioTrack": 5, "map": 5}, {"physical": 1, "audio": true, "callWord": 3, "audioTrack": 1, "map": 1}, {"physical": 1, "audio": true, "callWord": 3, "audioTrack": 6, "map": 6}, {"physical": 1, "audio": true, "callWord": 3, "audioTrack": 2, "map": 2}, {"physical": 1, "audio": false, "callWord": "", "audioTrack": "", "map": 7}, {"physical": 1, "audio": false, "callWord": "", "audioTrack": "", "map": 4}, {"physical": 1, "audio": false, "callWord": "", "audioTrack": "", "map": 3}, {"physical": 1, "audio": false, "callWord": "", "audioTrack": "", "map": 0}, {"physical": 1, "audio": false, "callWord": "", "audioTrack": "", "map": 7}]}, {"userID": "U023", "sessions": [{"physical": 1, "audio": false, "callWord": "", "audioTrack": "", "map": 3}, {"physical": 1, "audio": false, "callWord": "", "audioTrack": "", "map": 7}, {"physical": 1, "audio": false, "callWord": "", "audioTrack": "", "map": 2}, {"physical": 1, "audio": false, "callWord": "", "audioTrack": "", "map": 0}, {"physical": 1, "audio": false, "callWord": "", "audioTrack": "", "map": 3}, {"physical": 1, "audio": true, "callWord": 1, "audioTrack": 4, "map": 4}, {"physical": 1, "audio": true, "callWord": 1, "audioTrack": 1, "map": 1}, {"physical": 1, "audio": true, "callWord": 1, "audioTrack": 5, "map": 5}, {"physical": 1, "audio": true, "callWord": 1, "audioTrack": 6, "map": 6}, {"physical": 1, "audio": true, "callWord": 1, "audioTrack": 4, "map": 4}]}, {"userID": "U024", "sessions": [{"physical": 0, "audio": true, "callWord": 0, "audioTrack": 7, "map": 7}, {"physical": 0, "audio": true, "callWord": 0, "audioTrack": 2, "map": 2}, {"physical": 0, "audio": true, "callWord": 0, "audioTrack": 3, "map": 3}, {"physical": 0, "audio": true, "callWord": 0, "audioTrack": 5, "map": 5}, {"physical": 0, "audio": true, "callWord": 0, "audioTrack": 7, "map": 7}, {"physical": 0, "audio": false, "callWord": "", "audioTrack": "", "map": 0}, {"physical": 0, "audio": false, "callWord": "", "audioTrack": "", "map": 4}, {"physical": 0, "audio": false, "callWord": "", "audioTrack": "", "map": 1}, {"physical": 0, "audio": false, "callWord": "", "audioTrack": "", "map": 6}, {"physical": 0, "audio": false, "callWord": "", "audioTrack": "", "map": 0}]}, {"userID": "U025", "sessions": [{"physical": 0, "audio": false, "callWord": "", "audioTrack": "", "map": 3}, {"physical": 0, "audio": false, "callWord": "", "audioTrack": "", "map": 5}, {"physical": 0, "audio": false, "callWord": "", "audioTrack": "", "map": 7}, {"physical": 0, "audio": false, "callWord": "", "audioTrack": "", "map": 4}, {"physical": 0, "audio": false, "callWord": "", "audioTrack": "", "map": 3}, {"physical": 0, "audio": true, "callWord": 0, "audioTrack": 0, "map": 0}, {"physical": 0, "audio": true, "callWord": 0, "audioTrack": 1, "map": 1}, {"physical": 0, "audio": true, "callWord": 0, "audioTrack": 6, "map": 6}, {"physical": 0, "audio": true, "callWord": 0, "audioTrack": 2, "map": 2}, {"physical": 0, "audio": true, "callWord": 0, "audioTrack": 0, "map": 0}]}, {"userID": "U026", "sessions": [{"physical": 1, "audio": false, "callWord": "", "audioTrack": "", "map": 3}, {"physical": 1, "audio": false, "callWord": "", "audioTrack": "", "map": 0}, {"physical": 1, "audio": false, "callWord": "", "audioTrack": "", "map": 7}, {"physical": 1, "audio": false, "callWord": "", "audioTrack": "", "map": 1}, {"physical": 1, "audio": false, "callWord": "", "audioTrack": "", "map": 3}, {"physical": 1, "audio": true, "callWord": 1, "audioTrack": 2, "map": 2}, {"physical": 1, "audio": true, "callWord": 1, "audioTrack": 4, "map": 4}, {"physical": 1, "audio": true, "callWord": 1, "audioTrack": 6, "map": 6}, {"physical": 1, "audio": true, "callWord": 1, "audioTrack": 5, "map": 5}, {"physical": 1, "audio": true, "callWord": 1, "audioTrack": 2, "map": 2}]}, {"userID": "U027", "sessions": [{"physical": 1, "audio": true, "callWord": 3, "audioTrack": 6, "map": 6}, {"physical": 1, "audio": true, "callWord": 3, "audioTrack": 4, "map": 4}, {"physical": 1, "audio": true, "callWord": 3, "audioTrack": 2, "map": 2}, {"physical": 1, "audio": true, "callWord": 3, "audioTrack": 5, "map": 5}, {"physical": 1, "audio": true, "callWord": 3, "audioTrack": 6, "map": 6}, {"physical": 1, "audio": false, "callWord": "", "audioTrack": "", "map": 3}, {"physical": 1, "audio": false, "callWord": "", "audioTrack": "", "map": 7}, {"physical": 1, "audio": false, "callWord": "", "audioTrack": "", "map": 0}, {"physical": 1, "audio": false, "callWord": "", "audioTrack": "", "map": 1}, {"physical": 1, "audio": false, "callWord": "", "audioTrack": "", "map": 3}]}, {"userID": "U028", "sessions": [{"physical": 0, "audio": false, "callWord": "", "audioTrack": "", "map": 0}, {"physical": 0, "audio": false, "callWord": "", "audioTrack": "", "map": 7}, {"physical": 0, "audio": false, "callWord": "", "audioTrack": "", "map": 1}, {"physical": 0, "audio": false, "callWord": "", "audioTrack": "", "map": 3}, {"physical": 0, "audio": false, "callWord": "", "audioTrack": "", "map": 0}, {"physical": 0, "audio": true, "callWord": 2, "audioTrack": 4, "map": 4}, {"physical": 0, "audio": true, "callWord": 2, "audioTrack": 6, "map": 6}, {"physical": 0, "audio": true, "callWord": 2, "audioTrack": 5, "map": 5}, {"physical": 0, "audio": true, "callWord": 2, "audioTrack": 2, "map": 2}, {"physical": 0, "audio": true, "callWord": 2, "audioTrack": 4, "map": 4}]}, {"userID": "U029", "sessions": [{"physical": 0, "audio": true, "callWord": 4, "audioTrack": 1, "map": 1}, {"physical": 0, "audio": true, "callWord": 4, "audioTrack": 0, "map": 0}, {"physical": 0, "audio": true, "callWord": 4, "audioTrack": 4, "map": 4}, {"physical": 0, "audio": true, "callWord": 4, "audioTrack": 2, "map": 2}, {"physical": 0, "audio": true, "callWord": 4, "audioTrack": 1, "map": 1}, {"physical": 0, "audio": false, "callWord": "", "audioTrack": "", "map": 5}, {"physical": 0, "audio": false, "callWord": "", "audioTrack": "", "map": 7}, {"physical": 0, "audio": false, "callWord": "", "audioTrack": "", "map": 6}, {"physical": 0, "audio": false, "callWord": "", "audioTrack": "", "map": 3}, {"physical": 0, "audio": false, "callWord": "", "audioTrack": "", "map": 5}]}, {"userID": "U030", "sessions": [{"physical": 1, "audio": true, "callWord": 1, "audioTrack": 2, "map": 2}, {"physical": 1, "audio": true, "callWord": 1, "audioTrack": 4, "map": 4}, {"physical": 1, "audio": true, "callWord": 1, "audioTrack": 3, "map": 3}, {"physical": 1, "audio": true, "callWord": 1, "audioTrack": 0, "map": 0}, {"physical": 1, "audio": true, "callWord": 1, "audioTrack": 2, "map": 2}, {"physical": 1, "audio": false, "callWord": "", "audioTrack": "", "map": 7}, {"physical": 1, "audio": false, "callWord": "", "audioTrack": "", "map": 6}, {"physical": 1, "audio": false, "callWord": "", "audioTrack": "", "map": 5}, {"physical": 1, "audio": false, "callWord": "", "audioTrack": "", "map": 1}, {"physical": 1, "audio": false, "callWord": "", "audioTrack": "", "map": 7}]}, {"userID": "U031", "sessions": [{"physical": 1, "audio": false, "callWord": "", "audioTrack": "", "map": 6}, {"physical": 1, "audio": false, "callWord": "", "audioTrack": "", "map": 1}, {"physical": 1, "audio": false, "callWord": "", "audioTrack": "", "map": 3}, {"physical": 1, "audio": false, "callWord": "", "audioTrack": "", "map": 0}, {"physical": 1, "audio": false, "callWord": "", "audioTrack": "", "map": 6}, {"physical": 1, "audio": true, "callWord": 4, "audioTrack": 7, "map": 7}, {"physical": 1, "audio": true, "callWord": 4, "audioTrack": 5, "map": 5}, {"physical": 1, "audio": true, "callWord": 4, "audioTrack": 2, "map": 2}, {"physical": 1, "audio": true, "callWord": 4, "audioTrack": 4, "map": 4}, {"physical": 1, "audio": true, "callWord": 4, "audioTrack": 7, "map": 7}]}, {"userID": "U032", "sessions": [{"physical": 0, "audio": true, "callWord": 2, "audioTrack": 1, "map": 1}, {"physical": 0, "audio": true, "callWord": 2, "audioTrack": 0, "map": 0}, {"physical": 0, "audio": true, "callWord": 2, "audioTrack": 4, "map": 4}, {"physical": 0, "audio": true, "callWord": 2, "audioTrack": 6, "map": 6}, {"physical": 0, "audio": true, "callWord": 2, "audioTrack": 1, "map": 1}, {"physical": 0, "audio": false, "callWord": "", "audioTrack": "", "map": 3}, {"physical": 0, "audio": false, "callWord": "", "audioTrack": "", "map": 7}, {"physical": 0, "audio": false, "callWord": "", "audioTrack": "", "map": 2}, {"physical": 0, "audio": false, "callWord": "", "audioTrack": "", "map": 5}, {"physical": 0, "audio": false, "callWord": "", "audioTrack": "", "map": 3}]}, {"userID": "U033", "sessions": [{"physical": 0, "audio": false, "callWord": "", "audioTrack": "", "map": 7}, {"physical": 0, "audio": false, "callWord": "", "audioTrack": "", "map": 5}, {"physical": 0, "audio": false, "callWord": "", "audioTrack": "", "map": 0}, {"physical": 0, "audio": false, "callWord": "", "audioTrack": "", "map": 4}, {"physical": 0, "audio": false, "callWord": "", "audioTrack": "", "map": 7}, {"physical": 0, "audio": true, "callWord": 0, "audioTrack": 3, "map": 3}, {"physical": 0, "audio": true, "callWord": 0, "audioTrack": 1, "map": 1}, {"physical": 0, "audio": true, "callWord": 0, "audioTrack": 2, "map": 2}, {"physical": 0, "audio": true, "callWord": 0, "audioTrack": 6, "map": 6}, {"physical": 0, "audio": true, "callWord": 0, "audioTrack": 3, "map": 3}]}, {"userID": "U034", "sessions": [{"physical": 1, "audio": false, "callWord": "", "audioTrack": "", "map": 3}, {"physical": 1, "audio": false, "callWord": "", "audioTrack": "", "map": 7}, {"physical": 1, "audio": false, "callWord": "", "audioTrack": "", "map": 5}, {"physical": 1, "audio": false, "callWord": "", "audioTrack": "", "map": 0}, {"physical": 1, "audio": false, "callWord": "", "audioTrack": "", "map": 3}, {"physical": 1, "audio": true, "callWord": 3, "audioTrack": 6, "map": 6}, {"physical": 1, "audio": true, "callWord": 3, "audioTrack": 1, "map": 1}, {"physical": 1, "audio": true, "callWord": 3, "audioTrack": 4, "map": 4}, {"physical": 1, "audio": true, "callWord": 3, "audioTrack": 2, "map": 2}, {"physical": 1, "audio": true, "callWord": 3, "audioTrack": 6, "map": 6}]}, {"userID": "U035", "sessions": [{"physical": 1, "audio": true, "callWord": 2, "audioTrack": 5, "map": 5}, {"physical": 1, "audio": true, "callWord": 2, "audioTrack": 6, "map": 6}, {"physical": 1, "audio": true, "callWord": 2, "audioTrack": 2, "map": 2}, {"physical": 1, "audio": true, "callWord": 2, "audioTrack": 1, "map": 1}, {"physical": 1, "audio": true, "callWord": 2, "audioTrack": 5, "map": 5}, {"physical": 1, "audio": false, "callWord": "", "audioTrack": "", "map": 4}, {"physical": 1, "audio": false, "callWord": "", "audioTrack": "", "map": 0}, {"physical": 1, "audio": false, "callWord": "", "audioTrack": "", "map": 3}, {"physical": 1, "audio": false, "callWord": "", "audioTrack": "", "map": 7}, {"physical": 1, "audio": false, "callWord": "", "audioTrack": "", "map": 4}]}]}